<?xml version="1.0" encoding="utf-8"?>
<resources>

    <string name="app_name">smarthomeUI</string>
    <string name="action_settings">Settings</string>
    <string name="hello_world">Hello world!</string><string name="add">appadd</string><string name="background">appbackground</string><string name="curtain">appcurtain</string><string name="fan">appfan</string><string name="hunidity">apphunidity</string><string name="light_off">applight_off</string><string name="light_on">applight_on</string><string name="light_sun">applight_sun</string><string name="temperature">apptemperature</string><string name="temperature_warning">apptemperature_warning</string><string name="bar">bar</string>
    <string name="back">appback</string>

</resources>
