<?xml version="1.0" encoding="utf-8"?>
<resources>

   <style name="view_horizontal">
        <item name="android:background">@null</item>
        <item name="android:layout_width">0.0dip</item>
        <item name="android:layout_height">fill_parent</item>
    </style>
    
   
    <style name="view_vertical">
        <item name="android:background">@null</item>
        <item name="android:layout_width">fill_parent</item>
        <item name="android:layout_height">0.0dip</item>
    </style>

</resources>